{
    "root_group": {
        "name": "",
        "path": "",
        "id": "d41d8cd98f00b204e9800998ecf8427e",
        "groups": {},
        "checks": {
                "status is < 500": {
                    "name": "status is < 500",
                    "path": "::status is < 500",
                    "id": "71d62924ea4b4255261c12dfcda1633e",
                    "passes": 1500,
                    "fails": 0
                }
            }
    },
    "metrics": {
        "http_req_receiving": {
            "avg": 0.1311104866666666,
            "min": 0.021703,
            "med": 0.100112,
            "max": 4.771783,
            "p(90)": 0.2038950000000001,
            "p(95)": 0.25353585
        },
        "iteration_duration": {
            "p(95)": 26.179042899999853,
            "avg": 16.084945237333258,
            "min": 2.59068,
            "med": 4.358501,
            "max": 581.853178,
            "p(90)": 10.342053200000013
        },
        "http_req_duration": {
            "p(90)": 9.493439200000001,
            "p(95)": 25.442403449999997,
            "avg": 15.709440771999999,
            "min": 2.425761,
            "med": 4.144806,
            "max": 581.37872,
            "thresholds": {
                "p(95)<800": false
            }
        },
        "http_reqs": {
            "count": 1500,
            "rate": 99.99378371977876
        },
        "data_received": {
            "count": 6819953,
            "rate": 454635.27017403755
        },
        "vus": {
            "value": 0,
            "min": 0,
            "max": 1
        },
        "http_req_failed": {
            "fails": 1500,
            "passes": 0,
            "thresholds": {
                "rate<0.01": false
            },
            "value": 0
        },
        "data_sent": {
            "rate": 9741.927710160686,
            "count": 146138
        },
        "checks": {
            "passes": 1500,
            "fails": 0,
            "value": 1
        },
        "vus_max": {
            "min": 200,
            "max": 200,
            "value": 200
        },
        "http_req_waiting": {
            "avg": 15.545364513333363,
            "min": 2.307849,
            "med": 3.99901,
            "max": 581.29231,
            "p(90)": 9.301346100000012,
            "p(95)": 25.333779549999996
        },
        "iterations": {
            "count": 1500,
            "rate": 99.99378371977876
        },
        "http_req_connecting": {
            "avg": 0.13904458933333325,
            "min": 0,
            "med": 0,
            "max": 40.475545,
            "p(90)": 0.140117,
            "p(95)": 0.17022600000000002
        },
        "http_req_tls_handshaking": {
            "avg": 0,
            "min": 0,
            "med": 0,
            "max": 0,
            "p(90)": 0,
            "p(95)": 0
        },
        "http_req_blocked": {
            "avg": 0.15426642133333385,
            "min": 0.0032,
            "med": 0.005601,
            "max": 40.671268,
            "p(90)": 0.20222410000000013,
            "p(95)": 0.24375904999999998
        },
        "http_req_sending": {
            "avg": 0.03296577200000001,
            "min": 0.010101,
            "med": 0.030003,
            "max": 0.481959,
            "p(90)": 0.041605,
            "p(95)": 0.051121899999999984
        },
        "http_req_duration{expected_response:true}": {
            "max": 581.37872,
            "p(90)": 9.493439200000001,
            "p(95)": 25.442403449999997,
            "avg": 15.709440771999999,
            "min": 2.425761,
            "med": 4.144806
        }
    }
}