{
    "root_group": {
        "name": "",
        "path": "",
        "id": "d41d8cd98f00b204e9800998ecf8427e",
        "groups": {},
        "checks": {
                "status is < 500": {
                    "path": "::status is < 500",
                    "id": "71d62924ea4b4255261c12dfcda1633e",
                    "passes": 9001,
                    "fails": 0,
                    "name": "status is < 500"
                }
            }
    },
    "metrics": {
        "http_req_duration": {
            "avg": 1.6060745554938298,
            "min": 0.11151,
            "med": 1.397529,
            "max": 23.549046,
            "p(90)": 1.86144,
            "p(95)": 2.540112,
            "thresholds": {
                "p(95)<800": false
            }
        },
        "http_req_connecting": {
            "avg": 0.04853803110765468,
            "min": 0,
            "med": 0,
            "max": 38.797462,
            "p(90)": 0,
            "p(95)": 0
        },
        "iterations": {
            "count": 9001,
            "rate": 300.04175663559937
        },
        "http_req_duration{expected_response:true}": {
            "p(95)": 2.540112,
            "avg": 1.6060745554938298,
            "min": 0.11151,
            "med": 1.397529,
            "max": 23.549046,
            "p(90)": 1.86144
        },
        "data_received": {
            "count": 41621288,
            "rate": 1387415.2166377283
        },
        "vus_max": {
            "value": 200,
            "min": 200,
            "max": 200
        },
        "vus": {
            "value": 0,
            "min": 0,
            "max": 1
        },
        "data_sent": {
            "count": 1064257,
            "rate": 35476.229284716486
        },
        "http_reqs": {
            "count": 9001,
            "rate": 300.04175663559937
        },
        "http_req_blocked": {
            "p(95)": 0.012901,
            "avg": 0.05454732540828839,
            "min": 0.0017,
            "med": 0.0039,
            "max": 38.872871,
            "p(90)": 0.005801
        },
        "checks": {
            "passes": 9001,
            "fails": 0,
            "value": 1
        },
        "http_req_failed": {
            "passes": 0,
            "fails": 9001,
            "thresholds": {
                "rate<0.01": false
            },
            "value": 0
        },
        "http_req_tls_handshaking": {
            "max": 0,
            "p(90)": 0,
            "p(95)": 0,
            "avg": 0,
            "min": 0,
            "med": 0
        },
        "iteration_duration": {
            "p(95)": 2.691749,
            "avg": 1.7957430268859018,
            "min": 1.041135,
            "med": 1.525897,
            "max": 47.142487,
            "p(90)": 2.060453
        },
        "http_req_waiting": {
            "avg": 1.5031806970336612,
            "min": 0,
            "med": 1.304168,
            "max": 23.459935,
            "p(90)": 1.726123,
            "p(95)": 2.40141
        },
        "http_req_sending": {
            "p(95)": 0.036105,
            "avg": 0.026570333851794317,
            "min": 0.004401,
            "med": 0.024803,
            "max": 1.475536,
            "p(90)": 0.031404
        },
        "http_req_receiving": {
            "max": 6.36879,
            "p(90)": 0.101709,
            "p(95)": 0.117414,
            "avg": 0.0763235246083769,
            "min": 0.016202,
            "med": 0.067008
        }
    }
}