{
    "metrics": {
        "http_req_connecting": {
            "avg": 0.13531010437298316,
            "min": 0,
            "med": 0,
            "max": 96.580047,
            "p(90)": 0,
            "p(95)": 0
        },
        "iterations": {
            "count": 8987,
            "rate": 299.57198481832717
        },
        "http_req_receiving": {
            "avg": 0.0979304260598643,
            "min": 0.013502,
            "med": 0.07561,
            "max": 13.527221,
            "p(90)": 0.1251956000000001,
            "p(95)": 0.1776569999999998
        },
        "vus": {
            "min": 0,
            "max": 193,
            "value": 1
        },
        "vus_max": {
            "value": 212,
            "min": 200,
            "max": 212
        },
        "http_reqs": {
            "count": 8987,
            "rate": 299.57198481832717
        },
        "http_req_blocked": {
            "p(90)": 0.006401,
            "p(95)": 0.010971299999999892,
            "avg": 0.14306122220985726,
            "min": 0.0014,
            "med": 0.0044,
            "max": 96.659958
        },
        "dropped_iterations": {
            "count": 14,
            "rate": 0.46667495131373987
        },
        "http_req_waiting": {
            "min": 0.912218,
            "med": 1.524849,
            "max": 1582.217693,
            "p(90)": 7.013096200000035,
            "p(95)": 222.51460049999736,
            "avg": 30.979679897963806
        },
        "data_received": {
            "count": 49221857,
            "rate": 1640757.6942176332
        },
        "iteration_duration": {
            "avg": 31.41137268343155,
            "min": 1.101742,
            "med": 1.801932,
            "max": 1587.003161,
            "p(90)": 7.868376000000019,
            "p(95)": 222.78574809999748
        },
        "http_req_duration": {
            "avg": 31.10618524579931,
            "min": 1.00943,
            "med": 1.63996,
            "max": 1582.318108,
            "p(90)": 7.290431800000041,
            "p(95)": 222.6256163999974,
            "thresholds": {
                "p(95)<800": false
            }
        },
        "http_req_duration{expected_response:true}": {
            "max": 1582.318108,
            "p(90)": 7.290431800000041,
            "p(95)": 222.6256163999974,
            "avg": 31.10618524579931,
            "min": 1.00943,
            "med": 1.63996
        },
        "http_req_tls_handshaking": {
            "min": 0,
            "med": 0,
            "max": 0,
            "p(90)": 0,
            "p(95)": 0,
            "avg": 0
        },
        "http_req_sending": {
            "avg": 0.02857492177589841,
            "min": 0.0043,
            "med": 0.025903,
            "max": 6.117852,
            "p(90)": 0.033804,
            "p(95)": 0.040005
        },
        "checks": {
            "passes": 8987,
            "fails": 0,
            "value": 1
        },
        "data_sent": {
            "count": 1062709,
            "rate": 35424.26220254809
        },
        "http_req_failed": {
            "passes": 0,
            "fails": 8987,
            "thresholds": {
                "rate<0.01": false
            },
            "value": 0
        }
    },
    "root_group": {
        "groups": {},
        "checks": {
                "status is < 500": {
                    "fails": 0,
                    "name": "status is < 500",
                    "path": "::status is < 500",
                    "id": "71d62924ea4b4255261c12dfcda1633e",
                    "passes": 8987
                }
            },
        "name": "",
        "path": "",
        "id": "d41d8cd98f00b204e9800998ecf8427e"
    }
}