{
    "root_group": {
        "name": "",
        "path": "",
        "id": "d41d8cd98f00b204e9800998ecf8427e",
        "groups": {},
        "checks": {
                "status is < 500": {
                    "passes": 9001,
                    "fails": 0,
                    "name": "status is < 500",
                    "path": "::status is < 500",
                    "id": "71d62924ea4b4255261c12dfcda1633e"
                }
            }
    },
    "metrics": {
        "http_req_tls_handshaking": {
            "max": 0,
            "p(90)": 0,
            "p(95)": 0,
            "avg": 0,
            "min": 0,
            "med": 0
        },
        "checks": {
            "passes": 9001,
            "fails": 0,
            "value": 1
        },
        "http_req_waiting": {
            "p(95)": 4.392553,
            "avg": 2.081637211309865,
            "min": 0,
            "med": 1.507691,
            "max": 58.662286,
            "p(90)": 2.327364
        },
        "http_req_duration{expected_response:true}": {
            "med": 1.620596,
            "max": 58.733996,
            "p(90)": 2.482501,
            "p(95)": 4.580277,
            "avg": 2.199855934007338,
            "min": 0.145617
        },
        "http_req_receiving": {
            "med": 0.081209,
            "max": 14.258012,
            "p(90)": 0.111914,
            "p(95)": 0.131116,
            "avg": 0.09036022508610142,
            "min": 0.013802
        },
        "data_sent": {
            "count": 1064255,
            "rate": 35477.674828296236
        },
        "http_req_blocked": {
            "p(95)": 0.011402,
            "avg": 0.10244272525275111,
            "min": 0.001501,
            "med": 0.0045,
            "max": 70.597051,
            "p(90)": 0.006401
        },
        "http_req_sending": {
            "avg": 0.027858497611376532,
            "min": 0.0037,
            "med": 0.026704,
            "max": 0.788195,
            "p(90)": 0.034204,
            "p(95)": 0.038805
        },
        "data_received": {
            "count": 49297482,
            "rate": 1643365.5808521328
        },
        "vus_max": {
            "value": 200,
            "min": 200,
            "max": 200
        },
        "iteration_duration": {
            "min": 1.049332,
            "med": 1.783424,
            "max": 81.017612,
            "p(90)": 2.70034,
            "p(95)": 4.784608,
            "avg": 2.462981688034676
        },
        "http_reqs": {
            "count": 9001,
            "rate": 300.05454625958475
        },
        "vus": {
            "value": 1,
            "min": 0,
            "max": 7
        },
        "http_req_failed": {
            "passes": 0,
            "fails": 9001,
            "thresholds": {
                "rate<0.01": false
            },
            "value": 0
        },
        "http_req_connecting": {
            "avg": 0.09593717175869346,
            "min": 0,
            "med": 0,
            "max": 70.543144,
            "p(90)": 0,
            "p(95)": 0
        },
        "iterations": {
            "rate": 300.05454625958475,
            "count": 9001
        },
        "http_req_duration": {
            "p(90)": 2.482501,
            "p(95)": 4.580277,
            "avg": 2.199855934007338,
            "min": 0.145617,
            "med": 1.620596,
            "max": 58.733996,
            "thresholds": {
                "p(95)<800": false
            }
        }
    }
}