{
    "metrics": {
        "http_req_blocked": {
            "avg": 0.10340776055555381,
            "min": 0.0014,
            "med": 0.004701,
            "max": 71.49992,
            "p(90)": 0.006501,
            "p(95)": 0.00970005
        },
        "iteration_duration": {
            "avg": 3.161859226666678,
            "min": 1.351382,
            "med": 2.219399,
            "max": 121.209301,
            "p(90)": 3.3153862000000007,
            "p(95)": 5.12272195
        },
        "iterations": {
            "count": 9000,
            "rate": 300.0251839939344
        },
        "vus": {
            "value": 1,
            "min": 0,
            "max": 3
        },
        "http_req_duration{expected_response:true}": {
            "avg": 2.885410109444443,
            "min": 1.242075,
            "med": 2.0368779999999997,
            "max": 121.066391,
            "p(90)": 3.1250140000000015,
            "p(95)": 4.865653049999994
        },
        "data_sent": {
            "count": 1064128,
            "rate": 35473.91099923304
        },
        "http_req_waiting": {
            "p(95)": 4.650196049999997,
            "avg": 2.7505632597777825,
            "min": 1.179272,
            "med": 1.9077195,
            "max": 120.886978,
            "p(90)": 2.9567240000000017
        },
        "checks": {
            "passes": 9000,
            "fails": 0,
            "value": 1
        },
        "http_req_failed": {
            "passes": 0,
            "fails": 9000,
            "thresholds": {
                "rate<0.01": false
            },
            "value": 0
        },
        "http_req_connecting": {
            "avg": 0.09652835588888882,
            "min": 0,
            "med": 0,
            "max": 71.447218,
            "p(90)": 0,
            "p(95)": 0
        },
        "data_received": {
            "rate": 1387643.3782301112,
            "count": 41625807
        },
        "vus_max": {
            "min": 200,
            "max": 200,
            "value": 200
        },
        "http_req_tls_handshaking": {
            "avg": 0,
            "min": 0,
            "med": 0,
            "max": 0,
            "p(90)": 0,
            "p(95)": 0
        },
        "http_req_sending": {
            "min": 0.0035,
            "med": 0.027402,
            "max": 2.220443,
            "p(90)": 0.033902,
            "p(95)": 0.037607949999999925,
            "avg": 0.027562701111111303
        },
        "http_req_receiving": {
            "avg": 0.1072841485555557,
            "min": 0.013601,
            "med": 0.095205,
            "max": 18.23904,
            "p(90)": 0.1302081,
            "p(95)": 0.165212
        },
        "http_req_duration": {
            "p(90)": 3.1250140000000015,
            "p(95)": 4.865653049999994,
            "avg": 2.885410109444443,
            "min": 1.242075,
            "med": 2.0368779999999997,
            "max": 121.066391,
            "thresholds": {
                "p(95)<800": false
            }
        },
        "http_reqs": {
            "count": 9000,
            "rate": 300.0251839939344
        }
    },
    "root_group": {
        "groups": {},
        "checks": {
                "status is < 500": {
                    "name": "status is < 500",
                    "path": "::status is < 500",
                    "id": "71d62924ea4b4255261c12dfcda1633e",
                    "passes": 9000,
                    "fails": 0
                }
            },
        "name": "",
        "path": "",
        "id": "d41d8cd98f00b204e9800998ecf8427e"
    }
}