{
    "root_group": {
        "name": "",
        "path": "",
        "id": "d41d8cd98f00b204e9800998ecf8427e",
        "groups": {},
        "checks": {
                "status is < 500": {
                    "passes": 9001,
                    "fails": 0,
                    "name": "status is < 500",
                    "path": "::status is < 500",
                    "id": "71d62924ea4b4255261c12dfcda1633e"
                }
            }
    },
    "metrics": {
        "data_sent": {
            "count": 1064255,
            "rate": 35472.77418294581
        },
        "http_req_receiving": {
            "min": 0.014701,
            "med": 0.084705,
            "max": 16.133905,
            "p(90)": 0.133208,
            "p(95)": 0.17531,
            "avg": 0.10224370214420626
        },
        "http_req_failed": {
            "passes": 0,
            "fails": 9001,
            "thresholds": {
                "rate<0.01": false
            },
            "value": 0
        },
        "http_req_blocked": {
            "avg": 0.06932829352294177,
            "min": 0.0014,
            "med": 0.0045,
            "max": 52.851779,
            "p(90)": 0.0065,
            "p(95)": 0.0091
        },
        "http_req_duration{expected_response:true}": {
            "avg": 3.1000525587156904,
            "min": 1.205265,
            "med": 2.075521,
            "max": 129.543703,
            "p(90)": 3.810024,
            "p(95)": 7.478419
        },
        "iterations": {
            "count": 9001,
            "rate": 300.0130987598792
        },
        "vus_max": {
            "value": 200,
            "min": 200,
            "max": 200
        },
        "vus": {
            "value": 1,
            "min": 0,
            "max": 1
        },
        "http_req_duration": {
            "med": 2.075521,
            "max": 129.543703,
            "p(90)": 3.810024,
            "p(95)": 7.478419,
            "avg": 3.1000525587156904,
            "min": 1.205265,
            "thresholds": {
                "p(95)<800": false
            }
        },
        "http_req_connecting": {
            "p(90)": 0,
            "p(95)": 0,
            "avg": 0.06278408576824797,
            "min": 0,
            "med": 0,
            "max": 52.778775
        },
        "checks": {
            "passes": 9001,
            "fails": 0,
            "value": 1
        },
        "http_req_tls_handshaking": {
            "avg": 0,
            "min": 0,
            "med": 0,
            "max": 0,
            "p(90)": 0,
            "p(95)": 0
        },
        "http_reqs": {
            "count": 9001,
            "rate": 300.0130987598792
        },
        "http_req_sending": {
            "p(95)": 0.037602,
            "avg": 0.027779254082879717,
            "min": 0.0038,
            "med": 0.026202,
            "max": 11.043619,
            "p(90)": 0.033802
        },
        "http_req_waiting": {
            "avg": 2.9700296024886064,
            "min": 1.134161,
            "med": 1.953214,
            "max": 129.451098,
            "p(90)": 3.634995,
            "p(95)": 7.269725
        },
        "iteration_duration": {
            "p(95)": 7.832021,
            "avg": 3.3344018570158642,
            "min": 1.303876,
            "med": 2.243131,
            "max": 158.621042,
            "p(90)": 4.013316
        },
        "data_received": {
            "count": 49306601,
            "rate": 1643442.5236448126
        }
    }
}