{
    "root_group": {
        "name": "",
        "path": "",
        "id": "d41d8cd98f00b204e9800998ecf8427e",
        "groups": {},
        "checks": {
                "status is < 500": {
                    "name": "status is < 500",
                    "path": "::status is < 500",
                    "id": "71d62924ea4b4255261c12dfcda1633e",
                    "passes": 500,
                    "fails": 0
                }
            }
    },
    "metrics": {
        "http_req_duration{expected_response:true}": {
            "avg": 3.233754273999997,
            "min": 1.844435,
            "med": 2.496629,
            "max": 93.735249,
            "p(90)": 2.9684252,
            "p(95)": 3.4333399499999997
        },
        "http_req_tls_handshaking": {
            "max": 0,
            "p(90)": 0,
            "p(95)": 0,
            "avg": 0,
            "min": 0,
            "med": 0
        },
        "data_received": {
            "count": 1000446,
            "rate": 100039.73420738378
        },
        "http_req_receiving": {
            "p(95)": 0.11152799999999997,
            "avg": 0.08477554000000004,
            "min": 0.044404,
            "med": 0.075856,
            "max": 0.616645,
            "p(90)": 0.09974700000000003
        },
        "vus": {
            "value": 0,
            "min": 0,
            "max": 0
        },
        "http_req_connecting": {
            "p(95)": 0.19273899999999997,
            "avg": 0.43227819,
            "min": 0,
            "med": 0,
            "max": 80.019447,
            "p(90)": 0.17322200000000001
        },
        "http_req_waiting": {
            "p(90)": 2.848227,
            "p(95)": 3.2935190499999996,
            "avg": 3.116447376,
            "min": 1.743128,
            "med": 2.393375,
            "max": 93.621841
        },
        "http_req_failed": {
            "passes": 0,
            "fails": 500,
            "thresholds": {
                "rate<0.01": false
            },
            "value": 0
        },
        "iterations": {
            "count": 500,
            "rate": 49.997568188279914
        },
        "vus_max": {
            "value": 100,
            "min": 100,
            "max": 100
        },
        "http_req_sending": {
            "avg": 0.032531357999999955,
            "min": 0.011,
            "med": 0.028952,
            "max": 0.169113,
            "p(90)": 0.052404,
            "p(95)": 0.061009999999999995
        },
        "checks": {
            "passes": 500,
            "fails": 0,
            "value": 1
        },
        "data_sent": {
            "rate": 5495.732695255729,
            "count": 54960
        },
        "http_req_duration": {
            "max": 93.735249,
            "p(90)": 2.9684252,
            "p(95)": 3.4333399499999997,
            "avg": 3.233754273999997,
            "min": 1.844435,
            "med": 2.496629,
            "thresholds": {
                "p(95)<800": false
            }
        },
        "http_reqs": {
            "count": 500,
            "rate": 49.997568188279914
        },
        "http_req_blocked": {
            "med": 0.005301,
            "max": 80.093052,
            "p(90)": 0.246948,
            "p(95)": 0.27153499999999997,
            "avg": 0.4521214420000001,
            "min": 0.0037
        },
        "iteration_duration": {
            "med": 2.7043975,
            "max": 174.070819,
            "p(90)": 3.4174198,
            "p(95)": 3.9942910999999994,
            "avg": 3.897926707999998,
            "min": 1.987946
        }
    }
}